{
  "accuracy": 0.9652173913043478,
  "precision": 0.9578947368421052,
  "recall": 1.0,
  "f1_score": 0.978494623655914,
  "roc_auc": 0.9972527472527473,
  "cross_val_mean": 0.9753413141482511,
  "cross_val_std": 0.012866043932138941,
  "confusion_matrix": [
    [
      20,
      4
    ],
    [
      0,
      91
    ]
  ],
  "classification_report": {
    "0": {
      "precision": 1.0,
      "recall": 0.8333333333333334,
      "f1-score": 0.9090909090909091,
      "support": 24.0
    },
    "1": {
      "precision": 0.9578947368421052,
      "recall": 1.0,
      "f1-score": 0.978494623655914,
      "support": 91.0
    },
    "accuracy": 0.9652173913043478,
    "macro avg": {
      "precision": 0.9789473684210526,
      "recall": 0.9166666666666667,
      "f1-score": 0.9437927663734116,
      "support": 115.0
    },
    "weighted avg": {
      "precision": 0.9666819221967963,
      "recall": 0.9652173913043478,
      "f1-score": 0.9640103701814782,
      "support": 115.0
    }
  },
  "train_samples": 459,
  "test_samples": 115,
  "total_features": 49
}